{"cameraMode":{"drawMode":0,"name":"Shaded","section":"Shading Mode"},"sceneLighting":true,"audioPlay":false,"sceneViewState":{"m_AlwaysRefresh":false,"showFog":true,"showSkybox":true,"showFlares":true,"showImageEffects":true,"showParticleSystems":true,"showVisualEffectGraphs":true,"m_FxEnabled":true},"in2DMode":false,"pivot":{"x":826.3246459960938,"y":335.58349609375,"z":-141.52207946777345},"rotation":{"x":-0.1999516636133194,"y":-0.0023561199195683004,"z":0.00047901071957312524,"w":-0.9798011183738709},"size":492.5830383300781,"orthographic":false}